{
  "mae": 2.9795866263377704,
  "rmse": 3.8385594468488593,
  "r2": 0.7969783036509795,
  "mape": 6.008430292082536,
  "predictions": [
    62.093300568505576,
    53.86638369059054,
    61.51994123071066,
    49.697786122191765,
    55.29132301199949,
    47.839804997095264,
    64.38127752312207,
    48.930393355637726,
    62.28732209894731,
    56.80635265730563,
    41.26837780530783,
    58.9269319930325,
    59.57979776292078,
    45.93903757654152,
    42.03348594764431,
    57.93824376320535,
    51.03987029869824,
    38.328814875046376,
    40.22467791423419,
    60.10555602353732,
    48.61063441411727,
    43.41206926805096,
    51.17338069610441,
    47.16269383196454,
    53.615506364575474,
    36.5514754494812,
    39.4417596366524,
    55.150571442583804,
    53.41133442216635,
    52.814754903890375,
    36.6465038509153,
    54.54858855666865,
    42.25661164342824,
    47.68937316844405,
    39.165495469664975,
    46.262903491062495,
    58.376584648259545,
    42.536770506793474,
    40.62878150534571,
    50.375403849960726,
    46.0555156478468,
    41.61973484687297,
    54.798341998207235,
    55.945376189869535,
    49.724720067751925,
    56.9047688561831,
    63.19297203551038,
    58.74047428199907,
    67.98683323031811,
    50.87409587004136,
    52.13360782365348,
    62.58056473324821,
    62.072906690988376,
    55.0861545436502,
    55.56423199765687,
    54.92358488929079,
    46.1487163715738
  ],
  "actuals": [
    62.0,
    58.0,
    67.0,
    47.0,
    56.0,
    47.0,
    63.0,
    45.0,
    67.0,
    57.0,
    43.0,
    52.0,
    53.0,
    41.0,
    40.0,
    59.0,
    54.0,
    45.0,
    44.0,
    67.0,
    46.0,
    46.0,
    43.0,
    47.0,
    51.0,
    37.0,
    31.0,
    55.0,
    62.0,
    56.0,
    43.0,
    51.0,
    43.0,
    54.0,
    42.0,
    47.0,
    59.0,
    46.0,
    42.0,
    49.0,
    51.0,
    38.0,
    52.0,
    62.0,
    51.0,
    58.0,
    61.0,
    58.0,
    70.0,
    57.0,
    52.0,
    63.0,
    64.0,
    55.0,
    55.0,
    54.0,
    49.0
  ],
  "feature_importance": [
    [
      "Deaths_change1",
      2.0532621632620223
    ],
    [
      "Deaths_change2",
      1.9891599258137114
    ],
    [
      "Deaths_rmean2",
      1.1128718511570168
    ],
    [
      "Deaths_lag1",
      0.9196678004553285
    ],
    [
      "Deaths_lag2",
      0.6499531993756129
    ],
    [
      "Deaths_ewm4",
      0.6175050347186183
    ],
    [
      "Min_Temp_C_min_change",
      0.472865239370219
    ],
    [
      "Deaths_ewm8",
      0.44538615691025907
    ],
    [
      "Deaths_rmean4",
      0.43705507611683114
    ],
    [
      "Max_Temp_C_max_change",
      0.4003287485734076
    ],
    [
      "Vapour_Pressure_hPa_min",
      0.3961755407284182
    ],
    [
      "Deaths_lag3",
      0.38397677277893716
    ],
    [
      "Deaths_rmin4",
      0.37443339021391675
    ],
    [
      "Max_Temp_C_std",
      0.37184745374169165
    ],
    [
      "Deaths_lag4",
      0.3706846017174117
    ],
    [
      "Min_Temp_C_min_lag2",
      0.36727681319413175
    ],
    [
      "Deaths_rmean8",
      0.35375931411470407
    ],
    [
      "Deaths_lag5",
      0.34786038515981876
    ],
    [
      "Year_Season_interact",
      0.34316751830440173
    ],
    [
      "AQI_weekly_max_lag2",
      0.32249555731857227
    ],
    [
      "Min_Temp_C_std",
      0.308218378395971
    ],
    [
      "Deaths_rmin8",
      0.3070417827408449
    ],
    [
      "Deaths_lag8",
      0.3038540942899458
    ],
    [
      "AQI_weekly_max_lag1",
      0.2938178587427065
    ],
    [
      "Deaths_rmax4",
      0.2902628850049018
    ],
    [
      "Max_Temp_C_max",
      0.2852237951348838
    ],
    [
      "RH_at_Max_Temp_pct_min",
      0.28416225286358054
    ],
    [
      "Max_Temp_C_max_lag2",
      0.273232791663456
    ],
    [
      "O3_weekly_mean",
      0.27024328014428534
    ],
    [
      "Temp_Range_max",
      0.2611565170146188
    ],
    [
      "Deaths_lag7",
      0.25927918089440166
    ],
    [
      "Heat_Stress",
      0.2584868725041971
    ],
    [
      "Evaporation_mm_sum",
      0.24588738382614522
    ],
    [
      "Min_Temp_C_min",
      0.2420196399261151
    ],
    [
      "Deaths_lag6",
      0.2384732166818703
    ],
    [
      "RH_at_Min_Temp_pct_max",
      0.23466070459306004
    ],
    [
      "Deaths_rmean12",
      0.23319149093155045
    ],
    [
      "Vapour_Pressure_hPa_max",
      0.2296233914551465
    ],
    [
      "Season_sin_52",
      0.2184574756463319
    ],
    [
      "Max_Temp_C_max_lag1",
      0.21077597634048018
    ],
    [
      "Cold_Stress",
      0.20998445122918588
    ],
    [
      "Vapour_Pressure_Range",
      0.2028615351539425
    ],
    [
      "Rainfall_mm_rainy_days",
      0.19374555099473412
    ],
    [
      "PM25_weekly_mean_lag1",
      0.1801600498172934
    ],
    [
      "Season_cos_52",
      0.17582018927231097
    ],
    [
      "Deaths_rmax8",
      0.17315265239748318
    ],
    [
      "Radiation_MJ_m2_sum",
      0.1609357914611552
    ],
    [
      "Main_pollutant_AQI",
      0.15892388069132934
    ],
    [
      "Min_Temp_C_min_lag1",
      0.15426324833053676
    ],
    [
      "PM25_weekly_mean",
      0.14668002292675875
    ],
    [
      "PM10_weekly_mean",
      0.14262126023902522
    ],
    [
      "AQI_weekly_max",
      0.12805074578934306
    ],
    [
      "Season_sin_13",
      0.10101302283677861
    ],
    [
      "PM25_weekly_mean_lag2",
      0.0957654414953511
    ],
    [
      "Year_trend",
      0.09321685999714378
    ],
    [
      "AQ_Extreme_Impact",
      0.09016822938402227
    ],
    [
      "Bad_days_count",
      0.06762772764616347
    ],
    [
      "Season_cos_13",
      0.0585176712200402
    ]
  ]
}