{
  "mae": 4.619961854017731,
  "rmse": 5.876720697004382,
  "r2": 0.524143493879142,
  "mape": 8.979639883238747,
  "predictions": [
    58.471339608813004,
    58.38679687293109,
    61.697907144321135,
    59.038107384446405,
    53.06303538708711,
    53.864004172301186,
    57.39508707368296,
    57.40534863679383,
    57.84710898658649,
    68.21074779527814,
    47.33224897912937,
    51.57690140361979,
    51.98826219082602,
    58.51581497501873,
    42.514215098408684,
    51.47837280217294,
    53.07000006456922,
    42.09956748455898,
    37.89005437584923,
    65.23627474748301,
    55.95576543257856,
    48.6873728840461,
    50.0040726420983,
    42.25997983824614,
    57.54991412878539,
    35.906099898886275,
    30.86808895746323,
    52.18653801153411,
    53.5105575074767,
    57.221243490498914,
    41.355327540499204,
    48.16032396809733,
    38.248825213551896,
    56.71200634153539,
    43.90446236669153,
    42.06161034298512,
    57.258840442087305,
    42.82481892527198,
    43.496428942832196,
    49.69114874703262,
    50.791512403992506,
    38.67977994331975,
    48.74935566537069,
    67.30839316614964,
    56.1202260648844,
    55.58569485522762,
    63.21175710954805,
    50.215976326140584,
    62.264903408418924,
    67.64366249821713,
    55.25238666143476,
    57.81390545191773,
    55.446618567804926,
    58.469125542814716,
    52.61627693931761,
    51.75480550944881,
    41.14323315445565
  ],
  "actuals": [
    62.0,
    58.0,
    67.0,
    47.0,
    56.0,
    47.0,
    63.0,
    45.0,
    67.0,
    57.0,
    43.0,
    52.0,
    53.0,
    41.0,
    40.0,
    59.0,
    54.0,
    45.0,
    44.0,
    67.0,
    46.0,
    46.0,
    43.0,
    47.0,
    51.0,
    37.0,
    31.0,
    55.0,
    62.0,
    56.0,
    43.0,
    51.0,
    43.0,
    54.0,
    42.0,
    47.0,
    59.0,
    46.0,
    42.0,
    49.0,
    51.0,
    38.0,
    52.0,
    62.0,
    51.0,
    58.0,
    61.0,
    58.0,
    70.0,
    57.0,
    52.0,
    63.0,
    64.0,
    55.0,
    55.0,
    54.0,
    49.0
  ]
}